timestamp,exchtime,bidpx4,bidvol4,bidpx3,bidvol3,bidpx2,bidvol2,bidpx1,bidvol1,bidpx0,bidvol0,askpx0,askvol0,askpx1,askvol1,askpx2,askvol2,askpx3,askvol3,askpx4,askvol4,lastpx,totalvol,totalvalue,openinterest
2024-01-25 09:00:00.532368940,2024-01-25 09:00:00.500000000,5873,65,5874,70,5875,43,5876,35,5877,16,5878,13,5879,95,5880,126,5881,46,5882,11,5877,299366,26407938195,466177
2024-01-25 09:00:01.029232032,2024-01-25 09:00:01.000000000,5871,68,5872,140,5873,104,5874,71,5875,40,5877,61,5878,36,5879,95,5880,88,5881,57,5877,299483,26418251715,466111
2024-01-25 09:00:01.532633666,2024-01-25 09:00:01.500000000,5871,69,5872,139,5873,70,5874,68,5875,38,5877,108,5878,43,5879,97,5880,87,5881,53,5875,299541,26423363400,466102
2024-01-25 09:00:02.010939848,2024-01-25 09:00:02.000000000,5872,140,5873,76,5874,41,5875,2,5876,1,5877,139,5878,44,5879,96,5880,90,5881,53,5876,299626,26430854355,466080
2024-01-25 09:00:02.515492916,2024-01-25 09:00:02.500000000,5870,159,5871,69,5872,141,5873,76,5874,22,5876,34,5877,170,5878,47,5879,100,5880,91,5876,299689,26436406380,466067
2024-01-25 09:00:03.014869628,2024-01-25 09:00:03.000000000,5871,70,5872,142,5873,81,5874,54,5875,6,5876,38,5877,175,5878,53,5879,100,5880,91,5876,299706,26437904595,466061
2024-01-25 09:00:03.521513568,2024-01-25 09:00:03.500000000,5871,71,5872,143,5873,82,5874,51,5875,54,5876,97,5877,176,5878,51,5879,100,5880,91,5875,299791,26445396015,466036
2024-01-25 09:00:04.021431766,2024-01-25 09:00:04.000000000,5870,165,5871,71,5872,143,5873,84,5874,48,5875,99,5876,102,5877,176,5878,71,5879,100,5875,299862,26451653070,465978
2024-01-25 09:00:04.525248254,2024-01-25 09:00:04.500000000,5869,42,5870,165,5871,71,5872,145,5873,80,5874,25,5875,92,5876,111,5877,176,5878,72,5874,299946,26459054565,465967
2024-01-25 09:00:05.029255088,2024-01-25 09:00:05.000000000,5869,42,5870,165,5871,72,5872,147,5873,66,5874,74,5875,106,5876,107,5877,176,5878,67,5874,299970,26461169055,465947
2024-01-25 09:00:05.511070486,2024-01-25 09:00:05.500000000,5868,135,5869,42,5870,165,5871,76,5872,144,5873,7,5874,95,5875,128,5876,109,5877,170,5873,300056,26468745300,465884
2024-01-25 09:00:06.015951862,2024-01-25 09:00:06.000000000,5868,135,5869,42,5870,167,5871,79,5872,125,5873,60,5874,105,5875,218,5876,109,5877,167,5873,300080,26470859295,465867
2024-01-25 09:00:06.525421718,2024-01-25 09:00:06.500000000,5868,135,5869,43,5870,171,5871,78,5872,109,5873,73,5874,109,5875,222,5876,105,5877,168,5873,300114,26473854210,465853
2024-01-25 09:00:07.014120974,2024-01-25 09:00:07.000000000,5868,135,5869,44,5870,171,5871,77,5872,49,5873,45,5874,109,5875,252,5876,105,5877,171,5873,300203,26481693750,465792
2024-01-25 09:00:07.518608812,2024-01-25 09:00:07.500000000,5868,135,5869,44,5870,172,5871,77,5872,17,5873,29,5874,109,5875,253,5876,105,5877,171,5873,300257,26486450400,465750
2024-01-25 09:00:08.010876550,2024-01-25 09:00:08.000000000,5868,135,5869,44,5870,172,5871,77,5872,1,5873,28,5874,109,5875,253,5876,100,5877,170,5873,300299,26490150015,465731
2024-01-25 09:00:08.520142432,2024-01-25 09:00:08.500000000,5868,135,5869,44,5870,172,5871,88,5872,41,5873,14,5874,109,5875,254,5876,104,5877,164,5873,300327,26492616630,465732
2024-01-25 09:00:09.030578894,2024-01-25 09:00:09.000000000,5868,135,5869,45,5870,176,5871,100,5872,10,5873,2,5874,106,5875,259,5876,104,5877,164,5873,300451,26503539600,465672
2024-01-25 09:00:09.515444408,2024-01-25 09:00:09.500000000,5868,135,5869,45,5870,187,5871,90,5872,29,5873,23,5874,106,5875,259,5876,63,5877,164,5873,300479,26506006215,465665
2024-01-25 09:00:10.027982018,2024-01-25 09:00:10.000000000,5867,87,5868,135,5869,46,5870,193,5871,90,5872,2,5873,3,5874,106,5875,260,5876,63,5872,300530,26510498580,465630
2024-01-25 09:00:10.520041162,2024-01-25 09:00:10.500000000,5868,136,5869,46,5870,198,5871,88,5872,51,5874,107,5875,260,5876,54,5877,164,5878,64,5872,300589,26515695540,465632
2024-01-25 09:00:11.010788506,2024-01-25 09:00:11.000000000,5868,139,5869,47,5870,197,5871,92,5872,6,5873,4,5874,243,5875,254,5876,54,5877,164,5872,300647,26520804255,465622
2024-01-25 09:00:11.517755290,2024-01-25 09:00:11.500000000,5867,87,5868,141,5869,47,5870,197,5871,83,5872,2,5873,65,5874,248,5875,254,5876,53,5871,300686,26524239270,465610
2024-01-25 09:00:12.029476146,2024-01-25 09:00:12.000000000,5867,88,5868,141,5869,50,5870,198,5871,102,5872,16,5873,71,5874,258,5875,254,5876,53,5872,300726,26527762470,465603
2024-01-25 09:00:12.526680116,2024-01-25 09:00:12.500000000,5867,88,5868,141,5869,50,5870,198,5871,84,5872,1,5873,72,5874,258,5875,254,5876,50,5872,300771,26531725905,465589
2024-01-25 09:00:13.017897978,2024-01-25 09:00:13.000000000,5868,140,5869,50,5870,225,5871,30,5872,6,5873,69,5874,258,5875,254,5876,50,5877,149,5873,300880,26541325485,465619
2024-01-25 09:00:13.524026438,2024-01-25 09:00:13.500000000,5868,139,5869,50,5870,226,5871,42,5872,18,5873,6,5874,248,5875,224,5876,80,5877,149,5872,301014,26553129615,465556
2024-01-25 09:00:14.022358532,2024-01-25 09:00:14.000000000,5869,51,5870,233,5871,49,5872,36,5873,20,5874,243,5875,224,5876,80,5877,149,5878,53,5873,301037,26555155635,465543
2024-01-25 09:00:14.517066422,2024-01-25 09:00:14.500000000,5869,48,5870,213,5871,59,5872,59,5873,38,5874,236,5875,224,5876,80,5877,147,5878,53,5873,301041,26555508030,465542
2024-01-25 09:00:15.016235328,2024-01-25 09:00:15.000000000,5869,48,5870,211,5871,62,5872,55,5873,29,5874,234,5875,224,5876,80,5877,145,5878,55,5873,301059,26557093770,465536
2024-01-25 09:00:15.522329580,2024-01-25 09:00:15.500000000,5869,48,5870,212,5871,69,5872,70,5873,19,5874,222,5875,223,5876,130,5877,144,5878,55,5873,301088,26559648705,465514
2024-01-25 09:00:16.019776124,2024-01-25 09:00:16.000000000,5869,48,5870,217,5871,69,5872,80,5873,14,5874,209,5875,243,5876,128,5877,143,5878,55,5874,301105,26561146365,465504
2024-01-25 09:00:16.526618400,2024-01-25 09:00:16.500000000,5869,48,5870,217,5871,71,5872,81,5873,38,5874,201,5875,243,5876,128,5877,128,5878,55,5874,301134,26563701255,465482
2024-01-25 09:00:17.028256718,2024-01-25 09:00:17.000000000,5869,48,5870,217,5871,71,5872,83,5873,39,5874,181,5875,240,5876,130,5877,129,5878,55,5874,301158,26565815865,465464
2024-01-25 09:00:17.515020940,2024-01-25 09:00:17.500000000,5869,48,5870,217,5871,71,5872,84,5873,39,5874,179,5875,240,5876,130,5877,101,5878,55,5873,301175,26567313510,465468
2024-01-25 09:00:18.028741558,2024-01-25 09:00:18.000000000,5869,48,5870,217,5871,71,5872,84,5873,41,5874,167,5875,240,5876,130,5877,101,5878,55,5874,301188,26568458925,465458
2024-01-25 09:00:18.517344258,2024-01-25 09:00:18.500000000,5869,48,5870,212,5871,58,5872,75,5873,40,5874,165,5875,235,5876,130,5877,101,5878,55,5873,301192,26568811335,465458
2024-01-25 09:00:19.012446018,2024-01-25 09:00:19.000000000,5869,48,5870,212,5871,58,5872,74,5873,43,5874,155,5875,235,5876,130,5877,101,5878,54,5874,301202,26569692435,465455
2024-01-25 09:00:19.515457642,2024-01-25 09:00:19.500000000,5868,122,5869,48,5870,217,5871,59,5872,75,5873,2,5874,156,5875,235,5876,130,5877,95,5873,301252,26574097200,465427
2024-01-25 09:00:20.028122624,2024-01-25 09:00:20.000000000,5868,122,5869,48,5870,218,5871,59,5872,78,5873,3,5874,155,5875,237,5876,130,5877,95,5873,301267,26575418640,465416
2024-01-25 09:00:20.519566390,2024-01-25 09:00:20.500000000,5869,47,5870,219,5871,59,5872,64,5873,1,5874,143,5875,237,5876,130,5877,95,5878,54,5872,301296,26577973425,465389
2024-01-25 09:00:21.019509620,2024-01-25 09:00:21.000000000,5868,122,5869,47,5870,230,5871,59,5872,64,5873,16,5874,138,5875,237,5876,130,5877,95,5873,301310,26579206830,465377
2024-01-25 09:00:21.513042610,2024-01-25 09:00:21.500000000,5868,122,5869,47,5870,230,5871,59,5872,60,5874,138,5875,237,5876,130,5877,95,5878,55,5872,301344,26582201895,465351
2024-01-25 09:00:22.028113540,2024-01-25 09:00:22.000000000,5868,119,5869,47,5870,248,5871,42,5872,70,5874,137,5875,237,5876,130,5877,95,5878,55,5874,301348,26582554290,465353
2024-01-25 09:00:22.511065714,2024-01-25 09:00:22.500000000,5868,119,5869,50,5870,249,5871,42,5872,55,5874,131,5875,241,5876,130,5877,95,5878,55,5872,301378,26585196945,465336
2024-01-25 09:00:23.019284716,2024-01-25 09:00:23.000000000,5868,119,5869,50,5870,244,5871,59,5872,51,5874,128,5875,113,5876,130,5877,95,5878,55,5874,301388,26586077880,465335
2024-01-25 09:00:23.514682722,2024-01-25 09:00:23.500000000,5868,119,5869,51,5870,244,5871,60,5872,76,5874,126,5875,111,5876,130,5877,95,5878,55,5872,301410,26588015865,465317
2024-01-25 09:00:24.009736188,2024-01-25 09:00:24.000000000,5869,52,5870,244,5871,60,5872,78,5873,3,5874,125,5875,111,5876,130,5877,95,5878,55,5873,301415,26588456355,465313
2024-01-25 09:00:24.517440178,2024-01-25 09:00:24.500000000,5869,52,5870,244,5871,60,5872,79,5873,17,5874,117,5875,111,5876,130,5877,95,5878,54,5874,301428,26589601740,465301
2024-01-25 09:00:25.011070992,2024-01-25 09:00:25.000000000,5869,52,5870,244,5871,61,5872,66,5873,51,5874,108,5875,111,5876,131,5877,95,5878,54,5873,301456,26592068565,465280
2024-01-25 09:00:25.514915486,2024-01-25 09:00:25.500000000,5869,53,5870,242,5871,61,5872,68,5873,51,5874,109,5875,105,5876,131,5877,85,5878,54,5873,301464,26592773340,465275
2024-01-25 09:00:26.009616414,2024-01-25 09:00:26.000000000,5869,53,5870,243,5871,61,5872,85,5873,51,5874,107,5875,106,5876,131,5877,85,5878,54,5873,301470,26593301955,465273
2024-01-25 09:00:26.524096844,2024-01-25 09:00:26.500000000,5869,53,5870,243,5871,61,5872,84,5873,51,5874,107,5875,106,5876,131,5877,85,5878,50,5873,301482,26594359125,465271
2024-01-25 09:00:27.019438968,2024-01-25 09:00:27.000000000,5869,53,5870,243,5871,62,5872,86,5873,53,5874,70,5875,106,5876,132,5877,85,5878,50,5873,301525,26598147840,465228
2024-01-25 09:00:27.518484818,2024-01-25 09:00:27.500000000,5869,53,5870,243,5871,63,5872,86,5873,53,5874,50,5875,104,5876,134,5877,82,5878,50,5874,301563,26601495915,465204
2024-01-25 09:00:28.019900066,2024-01-25 09:00:28.000000000,5869,53,5870,239,5871,63,5872,87,5873,61,5874,53,5875,105,5876,134,5877,82,5878,50,5873,301564,26601584010,465204
2024-01-25 09:00:28.519901858,2024-01-25 09:00:28.500000000,5869,53,5870,239,5871,63,5872,95,5873,63,5874,52,5875,107,5876,135,5877,82,5878,50,5873,301577,26602729305,465194
2024-01-25 09:00:29.014815382,2024-01-25 09:00:29.000000000,5869,53,5870,251,5871,62,5872,95,5873,57,5874,45,5875,107,5876,135,5877,78,5878,80,5874,301590,26603874630,465186
2024-01-25 09:00:29.516193186,2024-01-25 09:00:29.500000000,5869,53,5870,253,5871,62,5872,86,5873,63,5874,34,5875,107,5876,134,5877,78,5878,80,5874,301607,26605372500,465185
2024-01-25 09:00:30.027586338,2024-01-25 09:00:30.000000000,5869,53,5870,263,5871,62,5872,86,5873,73,5874,31,5875,108,5876,134,5877,78,5878,80,5873,301628,26607222570,465181
2024-01-25 09:00:30.511050802,2024-01-25 09:00:30.500000000,5869,53,5870,263,5871,63,5872,87,5873,26,5874,30,5875,108,5876,134,5877,83,5878,80,5874,301680,26611803570,465190
2024-01-25 09:00:31.010712930,2024-01-25 09:00:31.000000000,5869,53,5870,263,5871,63,5872,86,5873,27,5874,42,5875,113,5876,134,5877,89,5878,80,5874,301685,26612244120,465187
2024-01-25 09:00:31.522739676,2024-01-25 09:00:31.500000000,5869,53,5870,263,5871,63,5872,86,5873,47,5874,21,5875,113,5876,134,5877,89,5878,80,5874,301708,26614270620,465170
2024-01-25 09:00:32.021073054,2024-01-25 09:00:32.000000000,5869,53,5870,263,5871,63,5872,95,5873,49,5874,5,5875,111,5876,134,5877,84,5878,80,5873,301714,26614799220,465164
2024-01-25 09:00:32.528068640,2024-01-25 09:00:32.500000000,5869,53,5870,287,5871,65,5872,96,5873,82,5874,1,5875,109,5876,134,5877,84,5878,80,5874,301729,26616120750,465158
2024-01-25 09:00:33.025440972,2024-01-25 09:00:33.000000000,5870,287,5871,65,5872,94,5873,102,5874,14,5875,109,5876,134,5877,84,5878,80,5879,79,5874,301744,26617442400,465158
2024-01-25 09:00:33.524593486,2024-01-25 09:00:33.500000000,5869,53,5870,282,5871,65,5872,97,5873,106,5874,20,5875,111,5876,134,5877,84,5878,80,5874,301758,26618675940,465150
2024-01-25 09:00:34.012166052,2024-01-25 09:00:34.000000000,5869,53,5870,280,5871,69,5872,97,5873,108,5874,78,5875,112,5876,134,5877,84,5878,80,5874,301762,26619028380,465146
2024-01-25 09:00:34.528314998,2024-01-25 09:00:34.500000000,5869,53,5870,280,5871,69,5872,95,5873,86,5874,84,5875,118,5876,134,5877,73,5878,81,5874,301778,26620437990,465133
2024-01-25 09:00:35.021255142,2024-01-25 09:00:35.000000000,5869,53,5870,280,5871,69,5872,92,5873,59,5874,64,5875,118,5876,134,5877,73,5878,81,5874,301814,26623609800,465114
